{"FACTOR": 28.85390081777927, "INTERCEPT_POINTS": 719.4787774185263, "BASE_SCORE": 600, "BASE_ODDS": 50, "PDO": 20, "intercept": 719.4787774185263}