{"FACTOR": 28.85390081777927, "INTERCEPT_POINTS": 719.8443041917163, "BASE_SCORE": 600, "BASE_ODDS": 50, "PDO": 20, "intercept": 719.8443041917163}