{
    "AUC_train": 0.7669379485216582,
    "GINI_train": 0.5338758970433164,
    "KS_train": 0.4033771029393526,
    "AUC_test": 0.7671418668519674,
    "GINI_test": 0.5342837337039348,
    "KS_test": 0.40936419095827214
}