{
    "AUC_train": 0.7658991865267104,
    "GINI_train": 0.5317983730534208,
    "KS_train": 0.3980608488864719,
    "AUC_test": 0.7663287962498962,
    "GINI_test": 0.5326575924997925,
    "KS_test": 0.4031724245244676,
    "brier_raw_train": 0.19694568455999936,
    "brier_cal_train": 0.06760585637277573,
    "bss_train": 0.08901592831899796,
    "brier_raw_test": 0.19599473454505065,
    "brier_cal_test": 0.06762096033389384,
    "bss_test": 0.08879888902952537
}